key,source,famer_model_list,famer_model_no_list,famer_mpn_list,famer_ean_list,famer_product_name,famer_digital_zoom,famer_optical_zoom,famer_width,famer_height,famer_weight,famer_sensor,famer_brand_list
5f3ba6213fd5b671b2204cae,www.priceme.co.nz,d7000,7000,/,/,nikond7000,/,/,/,/,/,/,nikon
5f3ba6213fd5b671b2204ce6,www.priceme.co.nz,ixus1000,1000,/,/,canonixus1000,/,/,/,/,/,/,canon
5f3ba6213fd5b671b2204d06,www.priceme.co.nz,dsctx1,1,/,/,sonycybershotdsctx1,/,/,/,/,/,/,sony
5f3ba6213fd5b671b2204d1d,www.priceme.co.nz,dmcgh3,3,/,/,panasoniclumixdmcgh3,/,/,/,/,/,/,panasonic
5f3ba6213fd5b671b2204d1f,www.priceme.co.nz,dmclz30,30,/,/,panasoniclumixdmclz30,/,/,/,/,/,/,panasonic
5f3ba6213fd5b671b2204d25,www.priceme.co.nz,epl6,6,/,/,olympuspenepl6,/,/,/,/,/,/,olympus
5f3ba6213fd5b671b2204d30,www.priceme.co.nz,dmcft4,4,/,/,panasoniclumixdmcft4,/,/,/,/,/,/,panasonic
5f3ba6213fd5b671b2204d32,www.priceme.co.nz,7d,7,/,/,canoneos7d,/,/,/,/,/,/,canon
5f3ba6213fd5b671b2204d57,www.priceme.co.nz,6d,6,/,/,canoneos6d,/,/,/,/,/,/,canon
5f3ba6213fd5b671b2204d5d,www.priceme.co.nz,sh100,100,/,/,samsungsh100,/,/,/,/,/,/,samsung
5f3ba6213fd5b671b2204d67,www.priceme.co.nz,p340,340,/,/,nikoncoolpixp340,/,/,/,/,/,/,nikon
5f3ba6213fd5b671b2204d74,www.priceme.co.nz,f850,850,/,/,fujifilmfinepixf850,/,/,/,/,/,/,fujifilm
5f3ba6213fd5b671b2204d7e,www.priceme.co.nz,70d,70,/,/,canoneos70d,/,/,/,/,/,/,canon
5f3ba6213fd5b671b2204d8c,www.priceme.co.nz,d610,610,/,/,nikond610,/,/,/,/,/,/,nikon
5f3ba6213fd5b671b2204d9f,www.priceme.co.nz,5d,5-3,/,/,canoneos5d,/,/,/,/,/,/,canon
5f3ba6213fd5b671b2204da2,www.priceme.co.nz,ixus240,240,/,/,canonixus240,/,/,/,/,/,/,canon
5f3ba6213fd5b671b2204dba,www.priceme.co.nz,epm2,2,/,/,olympuspenepm2,/,/,/,/,/,/,olympus
5f3ba6213fd5b671b2204dbe,www.priceme.co.nz,epl5,5,/,/,olympuspenepl5,/,/,/,/,/,/,olympus
5f3ba6213fd5b671b2204dc7,www.priceme.co.nz,wg4,4,/,/,ricohwg4,/,/,/,/,/,/,ricoh
5f3ba6213fd5b671b2204dd1,www.priceme.co.nz,vh520,520,/,/,olympusvh520,/,/,/,/,/,/,olympus
5f3ba6213fd5b671b2204dea,www.priceme.co.nz,ep3,3,/,/,olympuspenep3,/,/,/,/,/,/,olympus
5f3ba6213fd5b671b2204dec,www.priceme.co.nz,dslra290,290,/,/,sonyalphadslra290,/,/,/,/,/,/,sony
5f3ba6213fd5b671b2204dee,www.priceme.co.nz,em5,5,/,/,olympusomdem5,/,/,/,/,/,/,olympus
5f3ba6213fd5b671b2204e0d,www.priceme.co.nz,j25,25,/,/,fujifilmfinepixj25,/,/,/,/,/,/,fujifilm
5f3ba6213fd5b671b2204e22,www.priceme.co.nz,xe1,1,/,/,fujifilmxe1,/,/,/,/,/,/,fujifilm
5f3ba6213fd5b671b2204e24,www.priceme.co.nz,dmcgh4,4,/,/,panasoniclumixdmcgh4,/,/,/,/,/,/,panasonic
5f3ba6213fd5b671b2204e3e,www.priceme.co.nz,jz500,500,/,/,fujifilmfinepixjz500,/,/,/,/,/,/,fujifilm
5f3ba6213fd5b671b2204e4a,www.priceme.co.nz,ax660,660,/,/,fujifilmfinepixax660,/,/,/,/,/,/,fujifilm
5f3ba6213fd5b671b2204e77,www.priceme.co.nz,xz1,1,/,/,olympusxz1,/,/,/,/,/,/,olympus
5f3ba6213fd5b671b2204e9d,www.priceme.co.nz,ekgc200,200,/,/,samsunggalaxy2ekgc200,/,/,/,/,/,/,samsung
5f3ba6213fd5b671b2204eac,www.priceme.co.nz,650d,650,/,/,canoneos650d,/,/,/,/,/,/,canon
5f3ba6213fd5b671b2204ec3,www.priceme.co.nz,xq1,1,/,/,fujifilmxq1,/,/,/,/,/,/,fujifilm
5f3ba6213fd5b671b2204ec5,www.priceme.co.nz,d90,90,/,/,nikond90,/,/,/,/,/,/,nikon
5f3ba6213fd5b671b2204ec8,www.priceme.co.nz,mv800,800,/,/,samsungmultiviewmv800,/,/,/,/,/,/,samsung
5f3ba6213fd5b671b2204ed9,www.priceme.co.nz,dscqx100,100,/,/,sonycybershotdscqx100,/,/,/,/,/,/,sony
5f3ba6213fd5b671b2204eda,www.priceme.co.nz,dsctx5,5,/,/,sonycybershotdsctx5,/,/,/,/,/,/,sony
5f3ba6213fd5b671b2204eeb,www.priceme.co.nz,600d,600,/,/,canoneos600d,/,/,/,/,/,/,canon
5f3ba6213fd5b671b2204ef3,www.priceme.co.nz,1d,1,/,/,canoneos1d,/,/,/,/,/,/,canon
5f3ba6213fd5b671b2204ef7,www.priceme.co.nz,s2000hd,2000,/,/,fujifilmfinepixs2000hd,/,/,/,/,/,/,fujifilm
5f3ba6213fd5b671b2204f0d,www.priceme.co.nz,dscw610,610,/,/,sonycybershotdscw610,/,/,/,/,/,/,sony
5f3ba6213fd5b671b2204f1c,www.priceme.co.nz,xp10,10,/,/,fujifilmfinepixxp10,/,/,/,/,/,/,fujifilm
5f3ba6213fd5b671b2204f35,www.priceme.co.nz,k30,30,/,/,pentaxk30,/,/,/,/,/,/,pentax
5f3ba6213fd5b671b2204f38,www.priceme.co.nz,a7s,7,/,/,sonyalphaa7s,/,/,/,/,/,/,sony
5f3ba6213fd5b671b2204f3e,www.priceme.co.nz,d7100,7100,/,/,nikond7100,/,/,/,/,/,/,nikon
5f3ba6213fd5b671b2204f52,www.priceme.co.nz,a5000,5000,/,/,sonya5000,/,/,/,/,/,/,sony
5f3ba6213fd5b671b2204f59,www.priceme.co.nz,k5,5,/,/,pentaxk5,/,/,/,/,/,/,pentax
5f3ba6213fd5b671b2204f5b,www.priceme.co.nz,100d,100,/,/,canoneos100d,/,/,/,/,/,/,canon
5f3ba6213fd5b671b2204f78,www.priceme.co.nz,dscwx200,200,/,/,sonycybershotdscwx200,/,/,/,/,/,/,sony
5f3ba6213fd5b671b2204f7c,www.priceme.co.nz,dslra330,330,/,/,sonyalphadslra330,/,/,/,/,/,/,sony
5f3ba6213fd5b671b2204cc9,www.priceme.co.nz,xa1,1,/,/,fujifilmxa1,/,/,/,/,/,/,fujifilm
5f3ba6213fd5b671b2204ccc,www.priceme.co.nz,d3200,3200,/,/,nikond3200,/,/,/,/,/,/,nikon
5f3ba6213fd5b671b2204ce1,www.priceme.co.nz,nex3n,3,/,/,sonyalphanex3n,/,/,/,/,/,/,sony
5f3ba6213fd5b671b2204cec,www.priceme.co.nz,dscw830,830,/,/,sonycybershotdscw830,/,/,/,/,/,/,sony
5f3ba6213fd5b671b2204cf3,www.priceme.co.nz,wb210,210,/,/,samsungwb210,/,/,/,/,/,/,samsung
5f3ba6213fd5b671b2204cfa,www.priceme.co.nz,epl3,3,/,/,olympuspenepl3,/,/,/,/,/,/,olympus
5f3ba6213fd5b671b2204d02,www.priceme.co.nz,q,,/,/,pentaxq,/,/,/,/,/,/,pentax
5f3ba6213fd5b671b2204d11,www.priceme.co.nz,s1,1,/,/,fujifilmfinepixs1,/,/,/,/,/,/,fujifilm
5f3ba6213fd5b671b2204d12,www.priceme.co.nz,d800e,800,/,/,nikond800e,/,/,/,/,/,/,nikon
5f3ba6213fd5b671b2204d22,www.priceme.co.nz,a6000,6000,/,/,sonya6000,/,/,/,/,/,/,sony
5f3ba6213fd5b671b2204d2f,www.priceme.co.nz,xm1,1,/,/,fujifilmxm1,/,/,/,/,/,/,fujifilm
5f3ba6213fd5b671b2204d43,www.priceme.co.nz,st5500,5500,/,/,samsungst5500,/,/,/,/,/,/,samsung
5f3ba6213fd5b671b2204d4b,www.priceme.co.nz,f70,70,/,/,fujifilmfinepixf70,/,/,/,/,/,/,fujifilm
5f3ba6213fd5b671b2204d5a,www.priceme.co.nz,stylus1,1,/,/,olympusstylus1,/,/,/,/,/,/,olympus
5f3ba6213fd5b671b2204d6c,www.priceme.co.nz,dscw810,810,/,/,sonycybershotdscw810,/,/,/,/,/,/,sony
5f3ba6213fd5b671b2204d71,www.priceme.co.nz,eos,,/,/,canoneosm,/,/,/,/,/,/,canon
5f3ba6213fd5b671b2204d92,www.priceme.co.nz,slta57,57,/,/,sonyalphaslta57,/,/,/,/,/,/,sony
5f3ba6213fd5b671b2204d99,www.priceme.co.nz,1100d,1100,/,/,canoneos1100d,/,/,/,/,/,/,canon
5f3ba6213fd5b671b2204db3,www.priceme.co.nz,s3400,3400,/,/,fujifilmfinepixs3400,/,/,/,/,/,/,fujifilm
5f3ba6213fd5b671b2204dc3,www.priceme.co.nz,dmcft5,5,/,/,panasoniclumixdmcft5,/,/,/,/,/,/,panasonic
5f3ba6213fd5b671b2204e02,www.priceme.co.nz,aw120,120,/,/,nikoncoolpixaw120,/,/,/,/,/,/,nikon
5f3ba6213fd5b671b2204e03,www.priceme.co.nz,sz16,16,/,/,olympusstylussz16,/,/,/,/,/,/,olympus
5f3ba6213fd5b671b2204e08,www.priceme.co.nz,d5300,5300,/,/,nikond5300,/,/,/,/,/,/,nikon
5f3ba6213fd5b671b2204e11,www.priceme.co.nz,exzr1200,1200,/,/,casioexilimexzr1200,/,/,/,/,/,/,casio
5f3ba6213fd5b671b2204e13,www.priceme.co.nz,hs30,30,/,/,fujifilmfinepixhs30,/,/,/,/,/,/,fujifilm
5f3ba6213fd5b671b2204e1a,www.priceme.co.nz,sx700,700,/,/,canonpowershotsx700,/,/,/,/,/,/,canon
5f3ba6213fd5b671b2204e26,www.priceme.co.nz,a5100,5100,/,/,sonya5100,/,/,/,/,/,/,sony
5f3ba6213fd5b671b2204e4c,www.priceme.co.nz,jx280,280,/,/,fujifilmfinepixjx280,/,/,/,/,/,/,fujifilm
5f3ba6213fd5b671b2204e4e,www.priceme.co.nz,dscw510,510,/,/,sonycybershotdscw510,/,/,/,/,/,/,sony
5f3ba6213fd5b671b2204e55,www.priceme.co.nz,dmcgf6,6,/,/,panasoniclumixdmcgf6,/,/,/,/,/,/,panasonic
5f3ba6213fd5b671b2204e57,www.priceme.co.nz,dsch55,55,/,/,sonycybershotdsch55,/,/,/,/,/,/,sony
5f3ba6213fd5b671b2204e69,www.priceme.co.nz,slta58,58,/,/,sonyalphaslta58,/,/,/,/,/,/,sony
5f3ba6213fd5b671b2204e7a,www.priceme.co.nz,k01,01,/,/,pentaxk01,/,/,/,/,/,/,pentax
5f3ba6213fd5b671b2204e85,www.priceme.co.nz,x1,1,/,/,leicax1,/,/,/,/,/,/,leica
5f3ba6213fd5b671b2204e8e,www.priceme.co.nz,nx20,20,/,/,samsungnx20,/,/,/,/,/,/,samsung
5f3ba6213fd5b671b2204e92,www.priceme.co.nz,a2200,2200,/,/,canonpowershota2200,/,/,/,/,/,/,canon
5f3ba6213fd5b671b2204e93,www.priceme.co.nz,nex5t,5,/,/,sonynex5t,/,/,/,/,/,/,sony
5f3ba6213fd5b671b2204e95,www.priceme.co.nz,p6000,6000,/,/,nikoncoolpixp6000,/,/,/,/,/,/,nikon
5f3ba6213fd5b671b2204eb5,www.priceme.co.nz,700d,700,/,/,canoneos700d,/,/,/,/,/,/,canon
5f3ba6213fd5b671b2204ec4,www.priceme.co.nz,dsctx20,20,/,/,sonycybershotdsctx20,/,/,/,/,/,/,sony
5f3ba6213fd5b671b2204ee6,www.priceme.co.nz,nex5r,5,/,/,sonyalphanex5r,/,/,/,/,/,/,sony
5f3ba6213fd5b671b2204ef2,www.priceme.co.nz,s8200,8200,/,/,nikoncoolpixs8200,/,/,/,/,/,/,nikon
5f3ba6213fd5b671b2204f17,www.priceme.co.nz,hs20,20,/,/,fujifilmfinepixhs20,/,/,/,/,/,/,fujifilm
5f3ba6213fd5b671b2204f1e,www.priceme.co.nz,j1,1,/,/,nikon1j1,/,/,/,/,/,/,nikon
5f3ba6213fd5b671b2204f22,www.priceme.co.nz,gm1,1,/,/,panasoniclumixgm1,/,/,/,/,/,/,panasonic
5f3ba6213fd5b671b2204f33,www.priceme.co.nz,l810,810,/,/,nikoncoolpixl810,/,/,/,/,/,/,nikon
5f3ba6213fd5b671b2204f34,www.priceme.co.nz,nx,,/,/,samsungnxmini,/,/,/,/,/,/,samsung
5f3ba6213fd5b671b2204f68,www.priceme.co.nz,d5100,5100,/,/,nikond5100,/,/,/,/,/,/,nikon
5f3ba6213fd5b671b2204f6a,www.priceme.co.nz,k5,5-2,/,/,pentaxk5,/,/,/,/,/,/,pentax
5f3ba6213fd5b671b2204f7d,www.priceme.co.nz,xp200,200,/,/,fujifilmfinepixxp200,/,/,/,/,/,/,fujifilm
5f3ba6213fd5b671b2204f86,www.priceme.co.nz,dscrx10,10,/,/,sonycybershotdscrx10,/,/,/,/,/,/,sony
5f3ba6213fd5b671b2204cad,www.priceme.co.nz,dmcg5,5,/,/,panasoniclumixdmcg5,/,/,/,/,/,/,panasonic
5f3ba6213fd5b671b2204cb5,www.priceme.co.nz,dschx30v,30,/,/,sonycybershotdschx30v,/,/,/,/,/,/,sony
5f3ba6213fd5b671b2204cbf,www.priceme.co.nz,wb250f,250,/,/,samsungwb250f,/,/,/,/,/,/,samsung
5f3ba6213fd5b671b2204cc3,www.priceme.co.nz,k50,50,/,/,pentaxk50,/,/,/,/,/,/,pentax
5f3ba6213fd5b671b2204ccd,www.priceme.co.nz,d4,4,/,/,nikond4,/,/,/,/,/,/,nikon
5f3ba6213fd5b671b2204cce,www.priceme.co.nz,j4,4,/,/,nikon1j4,/,/,/,/,/,/,nikon
5f3ba6213fd5b671b2204cd4,www.priceme.co.nz,epm1,1,/,/,olympuspenepm1,/,/,/,/,/,/,olympus
5f3ba6213fd5b671b2204cef,www.priceme.co.nz,df,,/,/,nikondf,/,/,/,/,/,/,nikon
5f3ba6213fd5b671b2204d04,www.priceme.co.nz,l610,610,/,/,nikoncoolpixl610,/,/,/,/,/,/,nikon
5f3ba6213fd5b671b2204d3c,www.priceme.co.nz,epl1,1,/,/,olympuspenepl1,/,/,/,/,/,/,olympus
5f3ba6213fd5b671b2204d44,www.priceme.co.nz,a700,700,/,/,sonyalphadslra700,/,/,/,/,/,/,sony
5f3ba6213fd5b671b2204d4a,www.priceme.co.nz,dscs2100,2100,/,/,sonycybershotdscs2100,/,/,/,/,/,/,sony
5f3ba6213fd5b671b2204d5c,www.priceme.co.nz,dmcgf3,3,/,/,panasoniclumixdmcgf3,/,/,/,/,/,/,panasonic
5f3ba6213fd5b671b2204d63,www.priceme.co.nz,d3100,3100,/,/,nikond3100,/,/,/,/,/,/,nikon
5f3ba6213fd5b671b2204d80,www.priceme.co.nz,s8600,8600,/,/,fujifilmfinepixs8600,/,/,/,/,/,/,fujifilm
5f3ba6213fd5b671b2204d8a,www.priceme.co.nz,dv300f,300,/,/,samsungdv300f,/,/,/,/,/,/,samsung
5f3ba6213fd5b671b2204d90,www.priceme.co.nz,ex2f,2,/,/,samsungex2f,/,/,/,/,/,/,samsung
5f3ba6213fd5b671b2204dac,www.priceme.co.nz,s6500,6500,/,/,nikoncoolpixs6500,/,/,/,/,/,/,nikon
5f3ba6213fd5b671b2204dc9,www.priceme.co.nz,wb850f,850,/,/,samsungwb850f,/,/,/,/,/,/,samsung
5f3ba6213fd5b671b2204dcc,www.priceme.co.nz,dscwx30,30,/,/,sonycybershotdscwx30,/,/,/,/,/,/,sony
5f3ba6213fd5b671b2204de6,www.priceme.co.nz,av130,130,/,/,fujifilmfinepixav130,/,/,/,/,/,/,fujifilm
5f3ba6213fd5b671b2204e14,www.priceme.co.nz,s3600,3600,/,/,nikoncoolpixs3600,/,/,/,/,/,/,nikon
5f3ba6213fd5b671b2204e1e,www.priceme.co.nz,k7,7,/,/,pentaxk7,/,/,/,/,/,/,pentax
5f3ba6213fd5b671b2204e1f,www.priceme.co.nz,nx3000,3000,/,/,samsungnx3000,/,/,/,/,/,/,samsung
5f3ba6213fd5b671b2204e41,www.priceme.co.nz,qx1,1,/,/,sonyalphaqx1,/,/,/,/,/,/,sony
5f3ba6213fd5b671b2204e51,www.priceme.co.nz,v1,1,/,/,nikon1v1,/,/,/,/,/,/,nikon
5f3ba6213fd5b671b2204e63,www.priceme.co.nz,f200,200,/,/,fujifilmfinepixf200,/,/,/,/,/,/,fujifilm
5f3ba6213fd5b671b2204e6d,www.priceme.co.nz,dscw620,620,/,/,sonycybershotdscw620,/,/,/,/,/,/,sony
5f3ba6213fd5b671b2204e75,www.priceme.co.nz,d750,750,/,/,nikond750,/,/,/,/,/,/,nikon
5f3ba6213fd5b671b2204eae,www.priceme.co.nz,nx200,200,/,/,samsungnx200,/,/,/,/,/,/,samsung
5f3ba6213fd5b671b2204eb1,www.priceme.co.nz,60d,60,/,/,canoneos60d,/,/,/,/,/,/,canon
5f3ba6213fd5b671b2204ecc,www.priceme.co.nz,j2,2,/,/,nikon1j2,/,/,/,/,/,/,nikon
5f3ba6213fd5b671b2204ee2,www.priceme.co.nz,dslra390,390,/,/,sonyalphadslra390,/,/,/,/,/,/,sony
5f3ba6213fd5b671b2204ee3,www.priceme.co.nz,tg630,630,/,/,olympusstylustoughtg630,/,/,/,/,/,/,olympus
5f3ba6213fd5b671b2204ee5,www.priceme.co.nz,slta37,37,/,/,sonyalphaslta37,/,/,/,/,/,/,sony
5f3ba6213fd5b671b2204ee7,www.priceme.co.nz,645z,645,/,/,pentax645z,/,/,/,/,/,/,pentax
5f3ba6213fd5b671b2204f15,www.priceme.co.nz,g12,12,/,/,canonpowershotg12,/,/,/,/,/,/,canon
5f3ba6213fd5b671b2204f37,www.priceme.co.nz,sx500,500,/,/,canonpowershotsx500,/,/,/,/,/,/,canon
5f3ba6213fd5b671b2204f48,www.priceme.co.nz,nx1000,1000,/,/,samsungnx1000,/,/,/,/,/,/,samsung
5f3ba6213fd5b671b2204f6b,www.priceme.co.nz,sx50,50,/,/,canonpowershotsx50,/,/,/,/,/,/,canon
5f3ba6213fd5b671b2204f82,www.priceme.co.nz,1200d,1200,/,/,canoneos1200d,/,/,/,/,/,/,canon
5f3ba6213fd5b671b2204f8c,www.priceme.co.nz,dmclf1,1,/,/,panasoniclumixdmclf1,/,/,/,/,/,/,panasonic
5f3ba6213fd5b671b2204cc4,www.priceme.co.nz,av110,110,/,/,fujifilmfinepixav110,/,/,/,/,/,/,fujifilm
5f3ba6213fd5b671b2204cd2,www.priceme.co.nz,q10,10,/,/,pentaxq10,/,/,/,/,/,/,pentax
5f3ba6213fd5b671b2204ce5,www.priceme.co.nz,xp70,70,/,/,fujifilmfinepixxp70,/,/,/,/,/,/,fujifilm
5f3ba6213fd5b671b2204cfc,www.priceme.co.nz,dmcfz70,70,/,/,panasoniclumixdmcfz70,/,/,/,/,/,/,panasonic
5f3ba6213fd5b671b2204d01,www.priceme.co.nz,exzr1000,1000,/,/,casioexilimexzr1000,/,/,/,/,/,/,casio
5f3ba6213fd5b671b2204d0c,www.priceme.co.nz,l120,120,/,/,nikoncoolpixl120,/,/,/,/,/,/,nikon
5f3ba6213fd5b671b2204d1a,www.priceme.co.nz,dschx20,20,/,/,sonycybershotdschx20,/,/,/,/,/,/,sony
5f3ba6213fd5b671b2204d23,www.priceme.co.nz,x100t,100,/,/,fujifilmx100t,/,/,/,/,/,/,fujifilm
5f3ba6213fd5b671b2204d2e,www.priceme.co.nz,dscs2000,2000,/,/,sonycybershotdscs2000,/,/,/,/,/,/,sony
5f3ba6213fd5b671b2204d34,www.priceme.co.nz,dmclx7,7,/,/,panasoniclumixdmclx7,/,/,/,/,/,/,panasonic
5f3ba6213fd5b671b2204d3f,www.priceme.co.nz,a580,580,/,/,sonyalphaa580,/,/,/,/,/,/,sony
5f3ba6213fd5b671b2204d40,www.priceme.co.nz,hs35,35,/,/,fujifilmfinepixhs35,/,/,/,/,/,/,fujifilm
5f3ba6213fd5b671b2204d60,www.priceme.co.nz,a7r,7,/,/,sonyalphaa7r,/,/,/,/,/,/,sony
5f3ba6213fd5b671b2204d62,www.priceme.co.nz,ks1,1,/,/,pentaxks1,/,/,/,/,/,/,pentax
5f3ba6213fd5b671b2204d73,www.priceme.co.nz,dscs3000,3000,/,/,sonycybershotdscs3000,/,/,/,/,/,/,sony
5f3ba6213fd5b671b2204d96,www.priceme.co.nz,slta33,33,/,/,sonyalphaslta33,/,/,/,/,/,/,sony
5f3ba6213fd5b671b2204d98,www.priceme.co.nz,dscw350,350,/,/,sonycybershotdscw350,/,/,/,/,/,/,sony
5f3ba6213fd5b671b2204db0,www.priceme.co.nz,em1,1,/,/,olympusomdem1,/,/,/,/,/,/,olympus
5f3ba6213fd5b671b2204dc1,www.priceme.co.nz,f770,770,/,/,fujifilmfinepixf770,/,/,/,/,/,/,fujifilm
5f3ba6213fd5b671b2204dc6,www.priceme.co.nz,s6300,6300,/,/,nikoncoolpixs6300,/,/,/,/,/,/,nikon
5f3ba6213fd5b671b2204ddc,www.priceme.co.nz,dscw570,570,/,/,sonycybershotdscw570,/,/,/,/,/,/,sony
5f3ba6213fd5b671b2204df4,www.priceme.co.nz,wb1100f,1100,/,/,samsungwb1100f,/,/,/,/,/,/,samsung
5f3ba6213fd5b671b2204dfe,www.priceme.co.nz,z110,110,/,/,fujifilmfinepixz110,/,/,/,/,/,/,fujifilm
5f3ba6213fd5b671b2204e25,www.priceme.co.nz,wb30f,30,/,/,samsungwb30f,/,/,/,/,/,/,samsung
5f3ba6213fd5b671b2204e42,www.priceme.co.nz,stla99v,99,/,/,sonyalphastla99v,/,/,/,/,/,/,sony
5f3ba6213fd5b671b2204e46,www.priceme.co.nz,xp60,60,/,/,fujifilmfinepixxp60,/,/,/,/,/,/,fujifilm
5f3ba6213fd5b671b2204e49,www.priceme.co.nz,s110,110,/,/,canonpowershots110,/,/,/,/,/,/,canon
5f3ba6213fd5b671b2204e5e,www.priceme.co.nz,s3300,3300,/,/,nikoncoolpixs3300,/,/,/,/,/,/,nikon
5f3ba6213fd5b671b2204e60,www.priceme.co.nz,p7100,7100,/,/,nikoncoolpixp7100,/,/,/,/,/,/,nikon
5f3ba6213fd5b671b2204e70,www.priceme.co.nz,slta77,77,/,/,sonyalphaslta77,/,/,/,/,/,/,sony
5f3ba6213fd5b671b2204e83,www.priceme.co.nz,j110,110,/,/,fujifilmfinepixj110,/,/,/,/,/,/,fujifilm
5f3ba6213fd5b671b2204e86,www.priceme.co.nz,xz10,10,/,/,olympusxz10,/,/,/,/,/,/,olympus
5f3ba6213fd5b671b2204e8b,www.priceme.co.nz,k3,3,/,/,pentaxk3,/,/,/,/,/,/,pentax
5f3ba6213fd5b671b2204ea3,www.priceme.co.nz,s3100,3100,/,/,nikoncoolpixs3100,/,/,/,/,/,/,nikon
5f3ba6213fd5b671b2204ea4,www.priceme.co.nz,a100,100,/,/,fujifilmfinepixa100,/,/,/,/,/,/,fujifilm
5f3ba6213fd5b671b2204eb3,www.priceme.co.nz,p510,510,/,/,nikoncoolpixp510,/,/,/,/,/,/,nikon
5f3ba6213fd5b671b2204eb4,www.priceme.co.nz,d810,810,/,/,nikond810,/,/,/,/,/,/,nikon
5f3ba6213fd5b671b2204eb9,www.priceme.co.nz,dscwx70,70,/,/,sonycybershotdscwx70,/,/,/,/,/,/,sony
5f3ba6213fd5b671b2204ebe,www.priceme.co.nz,d600,600,/,/,nikond600,/,/,/,/,/,/,nikon
5f3ba6213fd5b671b2204ecb,www.priceme.co.nz,dmcg6,6,/,/,panasoniclumixdmcg6,/,/,/,/,/,/,panasonic
5f3ba6213fd5b671b2204ece,www.priceme.co.nz,exzr15,15,/,/,casioexilimexzr15,/,/,/,/,/,/,casio
5f3ba6213fd5b671b2204ecf,www.priceme.co.nz,j3,3,/,/,nikon1j3,/,/,/,/,/,/,nikon
5f3ba6213fd5b671b2204edc,www.priceme.co.nz,vlux3,3,/,/,leicavlux3,/,/,/,/,/,/,leica
5f3ba6213fd5b671b2204ef4,www.priceme.co.nz,j27,27,/,/,fujifilmfinepixj27,/,/,/,/,/,/,fujifilm
5f3ba6213fd5b671b2204f0e,www.priceme.co.nz,dmcgx7,7,/,/,panasoniclumixdmcgx7,/,/,/,/,/,/,panasonic
5f3ba6213fd5b671b2204f42,www.priceme.co.nz,l830,830,/,/,nikoncoolpixl830,/,/,/,/,/,/,nikon
5f3ba6213fd5b671b2204f83,www.priceme.co.nz,sd1,1,/,/,sigmasd1,/,/,/,/,/,/,sigma
5f3ba6213fd5b671b2204f8d,www.priceme.co.nz,400d,400,/,/,canoneos400d,/,/,/,/,/,/,canon
5f3ba6213fd5b671b2204cb9,www.priceme.co.nz,ixus140,140,/,/,canonixus140,/,/,/,/,/,/,canon
5f3ba6213fd5b671b2204cc5,www.priceme.co.nz,p530,530,/,/,nikoncoolpixp530,/,/,/,/,/,/,nikon
5f3ba6213fd5b671b2204cd3,www.priceme.co.nz,sp100ee,100,/,/,olympusstylussp100ee,/,/,/,/,/,/,olympus
5f3ba6213fd5b671b2204cd9,www.priceme.co.nz,60da,60,/,/,canoneos60da,/,/,/,/,/,/,canon
5f3ba6213fd5b671b2204cf4,www.priceme.co.nz,wb2200,2200,/,/,samsungwb2200,/,/,/,/,/,/,samsung
5f3ba6213fd5b671b2204d00,www.priceme.co.nz,s4200,4200,/,/,fujifilmfinepixs4200,/,/,/,/,/,/,fujifilm
5f3ba6213fd5b671b2204d2a,www.priceme.co.nz,dscrx100,100,/,/,sonycybershotdscrx100,/,/,/,/,/,/,sony
5f3ba6213fd5b671b2204d6a,www.priceme.co.nz,st150f,150,/,/,samsungst150f,/,/,/,/,/,/,samsung
5f3ba6213fd5b671b2204d6b,www.priceme.co.nz,d3300,3300,/,/,nikond3300,/,/,/,/,/,/,nikon
5f3ba6213fd5b671b2204d6d,www.priceme.co.nz,nex7,7,/,/,sonyalphanex7,/,/,/,/,/,/,sony
5f3ba6213fd5b671b2204d83,www.priceme.co.nz,dmczs30,30,/,/,panasoniclumixdmczs30,/,/,/,/,/,/,panasonic
5f3ba6213fd5b671b2204d8d,www.priceme.co.nz,dscwx350,350,/,/,sonycybershotdscwx350,/,/,/,/,/,/,sony
5f3ba6213fd5b671b2204da3,www.priceme.co.nz,ax600,600,/,/,fujifilmfinepixax600,/,/,/,/,/,/,fujifilm
5f3ba6213fd5b671b2204dce,www.priceme.co.nz,sp810,810,/,/,olympussp810,/,/,/,/,/,/,olympus
5f3ba6213fd5b671b2204dd3,www.priceme.co.nz,d30,30,/,/,canonpowershotd30,/,/,/,/,/,/,canon
5f3ba6213fd5b671b2204dd4,www.priceme.co.nz,s2500hd,2500,/,/,fujifilmfinepixs2500hd,/,/,/,/,/,/,fujifilm
5f3ba6213fd5b671b2204de1,www.priceme.co.nz,nex3,3,/,/,sonynex3,/,/,/,/,/,/,sony
5f3ba6213fd5b671b2204de2,www.priceme.co.nz,d700,700,/,/,nikond700,/,/,/,/,/,/,nikon
5f3ba6213fd5b671b2204df1,www.priceme.co.nz,dscwx5,5,/,/,sonycybershotdscwx5,/,/,/,/,/,/,sony
5f3ba6213fd5b671b2204dfc,www.priceme.co.nz,x100s,100,/,/,fujifilmfinepixx100s,/,/,/,/,/,/,fujifilm
5f3ba6213fd5b671b2204e00,www.priceme.co.nz,d5200,5200,/,/,nikond5200,/,/,/,/,/,/,nikon
5f3ba6213fd5b671b2204e2d,www.priceme.co.nz,x2,2,/,/,leicax2,/,/,/,/,/,/,leica
5f3ba6213fd5b671b2204e3c,www.priceme.co.nz,nex6,6,/,/,sonyalphanex6,/,/,/,/,/,/,sony
5f3ba6213fd5b671b2204e5b,www.priceme.co.nz,v2,2,/,/,nikon1v2,/,/,/,/,/,/,nikon
5f3ba6213fd5b671b2204e7c,www.priceme.co.nz,nexc3,3,/,/,sonynexc3,/,/,/,/,/,/,sony
5f3ba6213fd5b671b2204e7e,www.priceme.co.nz,s200,200,/,/,canonpowershots200,/,/,/,/,/,/,canon
5f3ba6213fd5b671b2204eb2,www.priceme.co.nz,typ240,240,/,/,leicamtyp240,/,/,/,/,/,/,leica
5f3ba6213fd5b671b2204ed6,www.priceme.co.nz,s2980,2980,/,/,fujifilmfinepixs2980,/,/,/,/,/,/,fujifilm
5f3ba6213fd5b671b2204ed8,www.priceme.co.nz,ixus255,255,/,/,canonixus255,/,/,/,/,/,/,canon
5f3ba6213fd5b671b2204edd,www.priceme.co.nz,d4s,4,/,/,nikond4s,/,/,/,/,/,/,nikon
5f3ba6213fd5b671b2204ee9,www.priceme.co.nz,xpro1,1,/,/,fujifilmxpro1,/,/,/,/,/,/,fujifilm
5f3ba6213fd5b671b2204ef8,www.priceme.co.nz,nx11,11,/,/,samsungnx11,/,/,/,/,/,/,samsung
5f3ba6213fd5b671b2204efd,www.priceme.co.nz,mju400,400,/,/,olympusmju400,/,/,/,/,/,/,olympus
5f3ba6213fd5b671b2204f60,www.priceme.co.nz,q7,7,/,/,pentaxq7,/,/,/,/,/,/,pentax
5f3ba6213fd5b671b2204f79,www.priceme.co.nz,f60,60,/,/,fujifilmfinepixf60,/,/,/,/,/,/,fujifilm
5f3ba6213fd5b671b2204f7b,www.priceme.co.nz,s1100pj,1100,/,/,nikoncoolpixs1100pj,/,/,/,/,/,/,nikon
5f3ba6213fd5b671b2204f8a,www.priceme.co.nz,dscwx80,80,/,/,sonycybershotdscwx80,/,/,/,/,/,/,sony
5f3ba6213fd5b671b2204cc6,www.priceme.co.nz,3d,3,/,/,fujifilmfinepixreal3d,/,/,/,/,/,/,fujifilm
5f3ba6213fd5b671b2204cff,www.priceme.co.nz,tg830,830,/,/,olympustoughtg830,/,/,/,/,/,/,olympus
5f3ba6213fd5b671b2204d24,www.priceme.co.nz,sx170,170,/,/,canonpowershotsx170,/,/,/,/,/,/,canon
5f3ba6213fd5b671b2204d54,www.priceme.co.nz,x5,5,/,/,pentaxx5,/,/,/,/,/,/,pentax
5f3ba6213fd5b671b2204d5b,www.priceme.co.nz,l320,320,/,/,nikoncoolpixl320,/,/,/,/,/,/,nikon
5f3ba6213fd5b671b2204d77,www.priceme.co.nz,ep5,5,/,/,olympuspenep5,/,/,/,/,/,/,olympus
5f3ba6213fd5b671b2204d9c,www.priceme.co.nz,s95,95,/,/,canonpowershots95,/,/,/,/,/,/,canon
5f3ba6213fd5b671b2204db1,www.priceme.co.nz,tg310,310,/,/,olympustoughtg310,/,/,/,/,/,/,olympus
5f3ba6213fd5b671b2204db2,www.priceme.co.nz,g16,16,/,/,canonpowershotg16,/,/,/,/,/,/,canon
5f3ba6213fd5b671b2204db7,www.priceme.co.nz,slta65v,65,/,/,sonyalphaslta65v,/,/,/,/,/,/,sony
5f3ba6213fd5b671b2204dc2,www.priceme.co.nz,dscw320,320,/,/,sonycybershotdscw320,/,/,/,/,/,/,sony
5f3ba6213fd5b671b2204dd0,www.priceme.co.nz,d10,10,/,/,canonpowershotd10,/,/,/,/,/,/,canon
5f3ba6213fd5b671b2204dd7,www.priceme.co.nz,xf1,1,/,/,fujifilmfinepixxf1,/,/,/,/,/,/,fujifilm
5f3ba6213fd5b671b2204df3,www.priceme.co.nz,a2400,2400,/,/,canonpowershota2400,/,/,/,/,/,/,canon
5f3ba6213fd5b671b2204df9,www.priceme.co.nz,sx600,600,/,/,canonpowershotsx600,/,/,/,/,/,/,canon
5f3ba6213fd5b671b2204e3a,www.priceme.co.nz,s100,100,/,/,canonpowershots100,/,/,/,/,/,/,canon
5f3ba6213fd5b671b2204e4f,www.priceme.co.nz,tg2,2,/,/,olympustoughtg2,/,/,/,/,/,/,olympus
5f3ba6213fd5b671b2204e5c,www.priceme.co.nz,extr15,15,/,/,casioexilimextr15,/,/,/,/,/,/,casio
5f3ba6213fd5b671b2204e66,www.priceme.co.nz,dscw710,710,/,/,sonycybershotdscw710,/,/,/,/,/,/,sony
5f3ba6213fd5b671b2204e73,www.priceme.co.nz,xz2,2,/,/,olympusxz2,/,/,/,/,/,/,olympus
5f3ba6213fd5b671b2204e7d,www.priceme.co.nz,dschx5v,5,/,/,sonycybershotdschx5v,/,/,/,/,/,/,sony
5f3ba6213fd5b671b2204e82,www.priceme.co.nz,dmcxs1,1,/,/,panasoniclumixdmcxs1,/,/,/,/,/,/,panasonic
5f3ba6213fd5b671b2204e88,www.priceme.co.nz,mv900f,900,/,/,samsungmv900f,/,/,/,/,/,/,samsung
5f3ba6213fd5b671b2204e8a,www.priceme.co.nz,dmcfz1000,1000,/,/,panasoniclumixdmcfz1000,/,/,/,/,/,/,panasonic
5f3ba6213fd5b671b2204eb7,www.priceme.co.nz,dmcsz8,8,/,/,panasoniclumixdmcsz8,/,/,/,/,/,/,panasonic
5f3ba6213fd5b671b2204eb8,www.priceme.co.nz,nex5n,5,/,/,sonyalphanex5n,/,/,/,/,/,/,sony
5f3ba6213fd5b671b2204ebc,www.priceme.co.nz,dmcgf2,2,/,/,panasoniclumixdmcgf2,/,/,/,/,/,/,panasonic
5f3ba6213fd5b671b2204ec6,www.priceme.co.nz,a2600,2600,/,/,canonpowershota2600,/,/,/,/,/,/,canon
5f3ba6213fd5b671b2204ec7,www.priceme.co.nz,dscqx10,10,/,/,sonycybershotdscqx10,/,/,/,/,/,/,sony
5f3ba6213fd5b671b2204eca,www.priceme.co.nz,z33,33,/,/,fujifilmfinepixz33,/,/,/,/,/,/,fujifilm
5f3ba6213fd5b671b2204efa,www.priceme.co.nz,s9400,9400,/,/,nikoncoolpixs9400,/,/,/,/,/,/,nikon
5f3ba6213fd5b671b2204efb,www.priceme.co.nz,dscw730,730,/,/,sonycybershotdscw730,/,/,/,/,/,/,sony
5f3ba6213fd5b671b2204f20,www.priceme.co.nz,k5,5-2,/,/,pentaxk5,/,/,/,/,/,/,pentax
5f3ba6213fd5b671b2204f31,www.priceme.co.nz,aw100,100,/,/,nikoncoolpixaw100,/,/,/,/,/,/,nikon
5f3ba6213fd5b671b2204f3b,www.priceme.co.nz,wb150f,150,/,/,samsungwb150f,/,/,/,/,/,/,samsung
5f3ba6213fd5b671b2204f70,www.priceme.co.nz,sp100,100,/,/,olympusstylussp100,/,/,/,/,/,/,olympus
5f3ba6213fd5b671b2204cb4,www.priceme.co.nz,nx300,300,/,/,samsungnx300,/,/,/,/,/,/,samsung
5f3ba6213fd5b671b2204cb6,www.priceme.co.nz,g7,7,/,/,canonpowershotg7,/,/,/,/,/,/,canon
5f3ba6213fd5b671b2204cc1,www.priceme.co.nz,jv100,100,/,/,fujifilmfinepixjv100,/,/,/,/,/,/,fujifilm
5f3ba6213fd5b671b2204cdc,www.priceme.co.nz,l820,820,/,/,nikoncoolpixl820,/,/,/,/,/,/,nikon
5f3ba6213fd5b671b2204cdf,www.priceme.co.nz,em10,10,/,/,olympusomdem10,/,/,/,/,/,/,olympus
5f3ba6213fd5b671b2204ce7,www.priceme.co.nz,s9300,9300,/,/,nikoncoolpixs9300,/,/,/,/,/,/,nikon
5f3ba6213fd5b671b2204cfd,www.priceme.co.nz,d300s,300,/,/,nikond300s,/,/,/,/,/,/,nikon
5f3ba6213fd5b671b2204d13,www.priceme.co.nz,sx60,60,/,/,canonpowershotsx60,/,/,/,/,/,/,canon
5f3ba6213fd5b671b2204d18,www.priceme.co.nz,d20,20,/,/,canonpowershotd20,/,/,/,/,/,/,canon
5f3ba6213fd5b671b2204d45,www.priceme.co.nz,ekgc100,100,/,/,samsunggalaxyekgc100,/,/,/,/,/,/,samsung
5f3ba6213fd5b671b2204d51,www.priceme.co.nz,instax210,210,/,/,fujifilminstax210,/,/,/,/,/,/,fujifilm
5f3ba6213fd5b671b2204d64,www.priceme.co.nz,a495,495,/,/,canonpowershota495,/,/,/,/,/,/,canon
5f3ba6213fd5b671b2204d78,www.priceme.co.nz,dmcft25,25,/,/,panasoniclumixdmcft25,/,/,/,/,/,/,panasonic
5f3ba6213fd5b671b2204d7f,www.priceme.co.nz,dschx9v,9,/,/,sonycybershotdschx9v,/,/,/,/,/,/,sony
5f3ba6213fd5b671b2204d84,www.priceme.co.nz,sh1,1,/,/,olympussh1,/,/,/,/,/,/,olympus
5f3ba6213fd5b671b2204d85,www.priceme.co.nz,st1000,1000,/,/,samsungst1000,/,/,/,/,/,/,samsung
5f3ba6213fd5b671b2204d95,www.priceme.co.nz,g1,1,/,/,canonpowershotg1,/,/,/,/,/,/,canon
5f3ba6213fd5b671b2204da7,www.priceme.co.nz,x,,/,/,leicaxvario,/,/,/,/,/,/,leica
5f3ba6213fd5b671b2204daa,www.priceme.co.nz,s1200pj,1200,/,/,nikoncoolpixs1200pj,/,/,/,/,/,/,nikon
5f3ba6213fd5b671b2204dc8,www.priceme.co.nz,a3100,3100,/,/,canonpowershota3100,/,/,/,/,/,/,canon
5f3ba6213fd5b671b2204dcb,www.priceme.co.nz,dsctf1,1,/,/,sonycybershotdsctf1,/,/,/,/,/,/,sony
5f3ba6213fd5b671b2204ddb,www.priceme.co.nz,dschx50v,50,/,/,sonycybershotdschx50v,/,/,/,/,/,/,sony
5f3ba6213fd5b671b2204e0e,www.priceme.co.nz,s2960,2960,/,/,fujifilmfinepixs2960,/,/,/,/,/,/,fujifilm
5f3ba6213fd5b671b2204e36,www.priceme.co.nz,ixus300,300,/,/,canonixus300,/,/,/,/,/,/,canon
5f3ba6213fd5b671b2204e59,www.priceme.co.nz,x30,30,/,/,fujifilmfinepixx30,/,/,/,/,/,/,fujifilm
5f3ba6213fd5b671b2204e6a,www.priceme.co.nz,sx210,210,/,/,canonpowershotsx210,/,/,/,/,/,/,canon
5f3ba6213fd5b671b2204e8c,www.priceme.co.nz,s9500,9500,/,/,nikoncoolpixs9500,/,/,/,/,/,/,nikon
5f3ba6213fd5b671b2204e9c,www.priceme.co.nz,p600,600,/,/,nikoncoolpixp600,/,/,/,/,/,/,nikon
5f3ba6213fd5b671b2204ea6,www.priceme.co.nz,aw110,110,/,/,nikoncoolpixaw110,/,/,/,/,/,/,nikon
5f3ba6213fd5b671b2204ec2,www.priceme.co.nz,dscwx7,7,/,/,sonycybershotdscwx7,/,/,/,/,/,/,sony
5f3ba6213fd5b671b2204ee8,www.priceme.co.nz,x100,100,/,/,fujifilmfinepixx100,/,/,/,/,/,/,fujifilm
5f3ba6213fd5b671b2204ef5,www.priceme.co.nz,xe2,2,/,/,fujifilmxe2,/,/,/,/,/,/,fujifilm
5f3ba6213fd5b671b2204efe,www.priceme.co.nz,s800c,800,/,/,nikoncoolpixs800c,/,/,/,/,/,/,nikon
5f3ba6213fd5b671b2204f06,www.priceme.co.nz,av150,150,/,/,fujifilmfinepixav150,/,/,/,/,/,/,fujifilm
5f3ba6213fd5b671b2204f0f,www.priceme.co.nz,a3200,3200,/,/,canonpowershota3200,/,/,/,/,/,/,canon
5f3ba6213fd5b671b2204f23,www.priceme.co.nz,hx400v,400,/,/,sonycybershothx400v,/,/,/,/,/,/,sony
5f3ba6213fd5b671b2204f2e,www.priceme.co.nz,kr,,/,/,pentaxkr,/,/,/,/,/,/,pentax
5f3ba6213fd5b671b2204f41,www.priceme.co.nz,sh50,50,/,/,olympusstylussh50,/,/,/,/,/,/,olympus
5f3ba6213fd5b671b2204f64,www.priceme.co.nz,d800,800,/,/,nikond800,/,/,/,/,/,/,nikon
5f3ba6213fd5b671b2204f80,www.priceme.co.nz,kx,,/,/,pentaxkx,/,/,/,/,/,/,pentax
5f3ba6213fd5b671b2204f8b,www.priceme.co.nz,m,,/,/,leicammonochrom,/,/,/,/,/,/,leica
5f3ba6213fd5b671b2204cc0,www.priceme.co.nz,g15,15,/,/,canonpowershotg15,/,/,/,/,/,/,canon
5f3ba6213fd5b671b2204ce2,www.priceme.co.nz,dschx7v,7,/,/,sonycybershotdschx7v,/,/,/,/,/,/,sony
5f3ba6213fd5b671b2204cf0,www.priceme.co.nz,ep2,2,/,/,olympuspenep2,/,/,/,/,/,/,olympus
5f3ba6213fd5b671b2204d03,www.priceme.co.nz,jv210,210,/,/,fujifilmfinepixjv210,/,/,/,/,/,/,fujifilm
5f3ba6213fd5b671b2204d0b,www.priceme.co.nz,dmcgx1,1,/,/,panasoniclumixdmcgx1,/,/,/,/,/,/,panasonic
5f3ba6213fd5b671b2204d28,www.priceme.co.nz,s70,70,/,/,nikoncoolpixs70,/,/,/,/,/,/,nikon
5f3ba6213fd5b671b2204d3a,www.priceme.co.nz,j20,20,/,/,fujifilmfinepixj20,/,/,/,/,/,/,fujifilm
5f3ba6213fd5b671b2204d3b,www.priceme.co.nz,wb800f,800,/,/,samsungwb800f,/,/,/,/,/,/,samsung
5f3ba6213fd5b671b2204d3d,www.priceme.co.nz,dscw630,630,/,/,sonycybershotdscw630,/,/,/,/,/,/,sony
5f3ba6213fd5b671b2204d56,www.priceme.co.nz,ax500,500,/,/,fujifilmfinepixax500,/,/,/,/,/,/,fujifilm
5f3ba6213fd5b671b2204d5e,www.priceme.co.nz,s1,1,/,/,nikon1s1,/,/,/,/,/,/,nikon
5f3ba6213fd5b671b2204d66,www.priceme.co.nz,nx10,10,/,/,samsungnx10,/,/,/,/,/,/,samsung
5f3ba6213fd5b671b2204d9d,www.priceme.co.nz,p7000,7000,/,/,nikoncoolpixp7000,/,/,/,/,/,/,nikon
5f3ba6213fd5b671b2204dae,www.priceme.co.nz,tg1,1,/,/,olympustoughtg1,/,/,/,/,/,/,olympus
5f3ba6213fd5b671b2204db5,www.priceme.co.nz,p7700,7700,/,/,nikoncoolpixp7700,/,/,/,/,/,/,nikon
5f3ba6213fd5b671b2204dbf,www.priceme.co.nz,xp150,150,/,/,fujifilmfinepixxp150,/,/,/,/,/,/,fujifilm
5f3ba6213fd5b671b2204dd9,www.priceme.co.nz,xt1,1,/,/,fujifilmxt1,/,/,/,/,/,/,fujifilm
5f3ba6213fd5b671b2204e2e,www.priceme.co.nz,wb600,600,/,/,samsungwb600,/,/,/,/,/,/,samsung
5f3ba6213fd5b671b2204e31,www.priceme.co.nz,dmctz20,20,/,/,panasoniclumixdmctz20,/,/,/,/,/,/,panasonic
5f3ba6213fd5b671b2204eb6,www.priceme.co.nz,dsctx9,9,/,/,sonycybershotdsctx9,/,/,/,/,/,/,sony
5f3ba6213fd5b671b2204ed1,www.priceme.co.nz,tg850,850,/,/,olympusstylustoughtg850,/,/,/,/,/,/,olympus
5f3ba6213fd5b671b2204ed5,www.priceme.co.nz,dscw380,380,/,/,sonycybershotdscw380,/,/,/,/,/,/,sony
5f3ba6213fd5b671b2204ee0,www.priceme.co.nz,sx230,230,/,/,canonpowershotsx230,/,/,/,/,/,/,canon
5f3ba6213fd5b671b2204ef0,www.priceme.co.nz,s9100,9100,/,/,nikoncoolpixs9100,/,/,/,/,/,/,nikon
5f3ba6213fd5b671b2204f02,www.priceme.co.nz,p520,520,/,/,nikoncoolpixp520,/,/,/,/,/,/,nikon
5f3ba6213fd5b671b2204f11,www.priceme.co.nz,s2700,2700,/,/,nikoncoolpixs2700,/,/,/,/,/,/,nikon
5f3ba6213fd5b671b2204f24,www.priceme.co.nz,dsctx10,10,/,/,sonycybershotdsctx10,/,/,/,/,/,/,sony
5f3ba6213fd5b671b2204f29,www.priceme.co.nz,extr35,35,/,/,casioexilimextr35,/,/,/,/,/,/,casio
5f3ba6213fd5b671b2204f39,www.priceme.co.nz,typ220,220,/,/,leicametyp220,/,/,/,/,/,/,leica
5f3ba6213fd5b671b2204f51,www.priceme.co.nz,s2950hd,2950,/,/,fujifilmfinepixs2950hd,/,/,/,/,/,/,fujifilm
5f3ba6213fd5b671b2204f56,www.priceme.co.nz,ixus135,135,/,/,canonixus135,/,/,/,/,/,/,canon
5f3ba6213fd5b671b2204f69,www.priceme.co.nz,s32,32,/,/,nikoncoolpixs32,/,/,/,/,/,/,nikon
5f3ba6213fd5b671b2204f81,www.priceme.co.nz,dmcfs12,12,/,/,panasoniclumixdmcfs12,/,/,/,/,/,/,panasonic
5f3ba6213fd5b671b2204cf2,www.priceme.co.nz,ixus310,310,/,/,canonixus310,/,/,/,/,/,/,canon
5f3ba6213fd5b671b2204cf7,www.priceme.co.nz,j15,15,/,/,fujifilmfinepixj15,/,/,/,/,/,/,fujifilm
5f3ba6213fd5b671b2204d10,www.priceme.co.nz,dscs930,930,/,/,sonycybershotdscs930,/,/,/,/,/,/,sony
5f3ba6213fd5b671b2204d14,www.priceme.co.nz,p310,310,/,/,nikoncoolpixp310,/,/,/,/,/,/,nikon
5f3ba6213fd5b671b2204d17,www.priceme.co.nz,nex5,5,/,/,sonynex5,/,/,/,/,/,/,sony
5f3ba6213fd5b671b2204d20,www.priceme.co.nz,sx30,30,/,/,canonpowershotsx30,/,/,/,/,/,/,canon
5f3ba6213fd5b671b2204d38,www.priceme.co.nz,sx160,160,/,/,canonpowershotsx160,/,/,/,/,/,/,canon
5f3ba6213fd5b671b2204d39,www.priceme.co.nz,z70,70,/,/,fujifilmfinepixz70,/,/,/,/,/,/,fujifilm
5f3ba6213fd5b671b2204d48,www.priceme.co.nz,n100,100,/,/,canonpowershotn100,/,/,/,/,/,/,canon
5f3ba6213fd5b671b2204d53,www.priceme.co.nz,sx40,40,/,/,canonpowershotsx40,/,/,/,/,/,/,canon
5f3ba6213fd5b671b2204d68,www.priceme.co.nz,hs50,50,/,/,fujifilmfinepixhs50,/,/,/,/,/,/,fujifilm
5f3ba6213fd5b671b2204d93,www.priceme.co.nz,ixus265,265,/,/,canonixus265,/,/,/,/,/,/,canon
5f3ba6213fd5b671b2204db6,www.priceme.co.nz,a1200,1200,/,/,canonpowershota1200,/,/,/,/,/,/,canon
5f3ba6213fd5b671b2204dbc,www.priceme.co.nz,7d,7-3,/,/,canoneos7d,/,/,/,/,/,/,canon
5f3ba6213fd5b671b2204dda,www.priceme.co.nz,d3s,3,/,/,nikond3s,/,/,/,/,/,/,nikon
5f3ba6213fd5b671b2204de3,www.priceme.co.nz,a3400,3400,/,/,canonpowershota3400,/,/,/,/,/,/,canon
5f3ba6213fd5b671b2204e12,www.priceme.co.nz,f40,40,/,/,fujifilmfinepixf40,/,/,/,/,/,/,fujifilm
5f3ba6213fd5b671b2204e23,www.priceme.co.nz,t350,350,/,/,fujifilmfinepixt350,/,/,/,/,/,/,fujifilm
5f3ba6213fd5b671b2204e33,www.priceme.co.nz,dmcfh2,2,/,/,panasoniclumixdmcfh2,/,/,/,/,/,/,panasonic
5f3ba6213fd5b671b2204e40,www.priceme.co.nz,dslra230,230,/,/,sonyalphadslra230,/,/,/,/,/,/,sony
5f3ba6213fd5b671b2204e4d,www.priceme.co.nz,dmctz30,30,/,/,panasoniclumixdmctz30,/,/,/,/,/,/,panasonic
5f3ba6213fd5b671b2204e79,www.priceme.co.nz,ixus510,510,/,/,canonixus510,/,/,/,/,/,/,canon
5f3ba6213fd5b671b2204e98,www.priceme.co.nz,jx300,300,/,/,fujifilmfinepixjx300,/,/,/,/,/,/,fujifilm
5f3ba6213fd5b671b2204ea0,www.priceme.co.nz,tz60,60,/,/,panasoniclumixtz60,/,/,/,/,/,/,panasonic
5f3ba6213fd5b671b2204ea5,www.priceme.co.nz,s100,100,/,/,nikoncoolpixs100,/,/,/,/,/,/,nikon
5f3ba6213fd5b671b2204ec1,www.priceme.co.nz,dsch200,200,/,/,sonycybershotdsch200,/,/,/,/,/,/,sony
5f3ba6213fd5b671b2204f03,www.priceme.co.nz,s8200,8200,/,/,fujifilmfinepixs8200,/,/,/,/,/,/,fujifilm
5f3ba6213fd5b671b2204f08,www.priceme.co.nz,x10,10,/,/,fujifilmfinepixx10,/,/,/,/,/,/,fujifilm
5f3ba6213fd5b671b2204f10,www.priceme.co.nz,hs25,25,/,/,fujifilmfinepixhs25,/,/,/,/,/,/,fujifilm
5f3ba6213fd5b671b2204f1b,www.priceme.co.nz,exzr800,800,/,/,casioexilimexzr800,/,/,/,/,/,/,casio
5f3ba6213fd5b671b2204f27,www.priceme.co.nz,dschx10v,10,/,/,sonycybershotdschx10v,/,/,/,/,/,/,sony
5f3ba6213fd5b671b2204f2f,www.priceme.co.nz,es65,65,/,/,samsunges65,/,/,/,/,/,/,samsung
5f3ba6213fd5b671b2204f4b,www.priceme.co.nz,dmcgh1,1,/,/,panasoniclumixdmcgh1,/,/,/,/,/,/,panasonic
5f3ba6213fd5b671b2204f6c,www.priceme.co.nz,550d,550,/,/,canoneos550d,/,/,/,/,/,/,canon
5f3ba6213fd5b671b2204cac,www.priceme.co.nz,tg835,835,/,/,olympusstylustoughtg835,/,/,/,/,/,/,olympus
5f3ba6213fd5b671b2204cb8,www.priceme.co.nz,a170,170,/,/,fujifilmfinepixa170,/,/,/,/,/,/,fujifilm
5f3ba6213fd5b671b2204ce0,www.priceme.co.nz,sx520,520,/,/,canonpowershotsx520,/,/,/,/,/,/,canon
5f3ba6213fd5b671b2204ce3,www.priceme.co.nz,dmcgf5,5,/,/,panasoniclumixdmcgf5,/,/,/,/,/,/,panasonic
5f3ba6213fd5b671b2204ce4,www.priceme.co.nz,l29,29,/,/,nikoncoolpixl29,/,/,/,/,/,/,nikon
5f3ba6213fd5b671b2204ce8,www.priceme.co.nz,ixus220,220,/,/,canonixus220,/,/,/,/,/,/,canon
5f3ba6213fd5b671b2204ced,www.priceme.co.nz,dscw310,310,/,/,sonycybershotdscw310,/,/,/,/,/,/,sony
5f3ba6213fd5b671b2204cf1,www.priceme.co.nz,aw1,1,/,/,nikon1aw1,/,/,/,/,/,/,nikon
5f3ba6213fd5b671b2204cf6,www.priceme.co.nz,sl300,300,/,/,fujifilmfinepixsl300,/,/,/,/,/,/,fujifilm
5f3ba6213fd5b671b2204d49,www.priceme.co.nz,s6800,6800,/,/,nikoncoolpixs6800,/,/,/,/,/,/,nikon
5f3ba6213fd5b671b2204d4e,www.priceme.co.nz,vlux4,4,/,/,leicavlux4,/,/,/,/,/,/,leica
5f3ba6213fd5b671b2204d5f,www.priceme.co.nz,z90,90,/,/,fujifilmfinepixz90,/,/,/,/,/,/,fujifilm
5f3ba6213fd5b671b2204d7a,www.priceme.co.nz,exzr500,500,/,/,casioexilimexzr500,/,/,/,/,/,/,casio
5f3ba6213fd5b671b2204d8e,www.priceme.co.nz,sx510,510,/,/,canonpowershotsx510,/,/,/,/,/,/,canon
5f3ba6213fd5b671b2204d8f,www.priceme.co.nz,pro1,1,/,/,canonpowershotpro1,/,/,/,/,/,/,canon
5f3ba6213fd5b671b2204d9b,www.priceme.co.nz,dsctx30,30,/,/,sonycybershotdsctx30,/,/,/,/,/,/,sony
5f3ba6213fd5b671b2204da9,www.priceme.co.nz,ixus500,500,/,/,canonixus500,/,/,/,/,/,/,canon
5f3ba6213fd5b671b2204dab,www.priceme.co.nz,type006,006,/,/,leicastype006,/,/,/,/,/,/,leica
5f3ba6213fd5b671b2204dc0,www.priceme.co.nz,vlux40,40,/,/,leicavlux40,/,/,/,/,/,/,leica
5f3ba6213fd5b671b2204dcf,www.priceme.co.nz,k500,500,/,/,pentaxk500,/,/,/,/,/,/,pentax
5f3ba6213fd5b671b2204de7,www.priceme.co.nz,ixus105,105,/,/,canonixus105,/,/,/,/,/,/,canon
5f3ba6213fd5b671b2204df2,www.priceme.co.nz,xp20,20,/,/,fujifilmfinepixxp20,/,/,/,/,/,/,fujifilm
5f3ba6213fd5b671b2204e07,www.priceme.co.nz,tg3,3,/,/,olympusstylustg3,/,/,/,/,/,/,olympus
5f3ba6213fd5b671b2204e09,www.priceme.co.nz,nx30,30,/,/,samsungnx30,/,/,/,/,/,/,samsung
5f3ba6213fd5b671b2204e1d,www.priceme.co.nz,e5,5,/,/,olympuse5,/,/,/,/,/,/,olympus
5f3ba6213fd5b671b2204e2f,www.priceme.co.nz,nexf3,3,/,/,sonyalphanexf3,/,/,/,/,/,/,sony
5f3ba6213fd5b671b2204e35,www.priceme.co.nz,vlux30,30,/,/,leicavlux30,/,/,/,/,/,/,leica
5f3ba6213fd5b671b2204e6f,www.priceme.co.nz,dscrx100,100-2,/,/,sonycybershotdscrx100,/,/,/,/,/,/,sony
5f3ba6213fd5b671b2204e80,www.priceme.co.nz,sx260,260,/,/,canonpowershotsx260,/,/,/,/,/,/,canon
5f3ba6213fd5b671b2204e87,www.priceme.co.nz,hx60v,60,/,/,sonycybershothx60v,/,/,/,/,/,/,sony
5f3ba6213fd5b671b2204eaf,www.priceme.co.nz,exzr400,400,/,/,casioexilimexzr400,/,/,/,/,/,/,casio
5f3ba6213fd5b671b2204eec,www.priceme.co.nz,ixus132,132,/,/,canonixus132,/,/,/,/,/,/,canon
5f3ba6213fd5b671b2204f25,www.priceme.co.nz,vg140,140,/,/,olympusvg140,/,/,/,/,/,/,olympus
5f3ba6213fd5b671b2204f2a,www.priceme.co.nz,sx220,220,/,/,canonpowershotsx220,/,/,/,/,/,/,canon
5f3ba6213fd5b671b2204f36,www.priceme.co.nz,sx150,150,/,/,canonpowershotsx150,/,/,/,/,/,/,canon
5f3ba6213fd5b671b2204f3c,www.priceme.co.nz,mx1,1,/,/,pentaxmx1,/,/,/,/,/,/,pentax
5f3ba6213fd5b671b2204f47,www.priceme.co.nz,f300,300,/,/,fujifilmfinepixf300,/,/,/,/,/,/,fujifilm
5f3ba6213fd5b671b2204f4a,www.priceme.co.nz,s4500,4500,/,/,fujifilmfinepixs4500,/,/,/,/,/,/,fujifilm
5f3ba6213fd5b671b2204f63,www.priceme.co.nz,extr10,10,/,/,casioexilimextr10,/,/,/,/,/,/,casio
5f3ba6213fd5b671b2204f76,www.priceme.co.nz,dmcg3,3,/,/,panasoniclumixdmcg3,/,/,/,/,/,/,panasonic
5f3ba6213fd5b671b2204f8e,www.priceme.co.nz,ecdv150f,150,/,/,samsungecdv150f,/,/,/,/,/,/,samsung
5f3ba6213fd5b671b2204cb7,www.priceme.co.nz,slta55,55,/,/,sonyalphaslta55,/,/,/,/,/,/,sony
5f3ba6213fd5b671b2204cf9,www.priceme.co.nz,f500,500,/,/,fujifilmfinepixf500,/,/,/,/,/,/,fujifilm
5f3ba6213fd5b671b2204d0f,www.priceme.co.nz,fe5030,5030,/,/,olympusfe5030,/,/,/,/,/,/,olympus
5f3ba6213fd5b671b2204d31,www.priceme.co.nz,sx130,130,/,/,canonpowershotsx130,/,/,/,/,/,/,canon
5f3ba6213fd5b671b2204d41,www.priceme.co.nz,1000d,1000,/,/,canoneos1000d,/,/,/,/,/,/,canon
5f3ba6213fd5b671b2204d72,www.priceme.co.nz,slta77,77-2,/,/,sonyalphaslta77,/,/,/,/,/,/,sony
5f3ba6213fd5b671b2204d9e,www.priceme.co.nz,s9400w,9400,/,/,fujifilmfinepixs9400w,/,/,/,/,/,/,fujifilm
5f3ba6213fd5b671b2204db4,www.priceme.co.nz,dp1,1,/,/,sigmadp1,/,/,/,/,/,/,sigma
5f3ba6213fd5b671b2204dbd,www.priceme.co.nz,dscw690,690,/,/,sonycybershotdscw690,/,/,/,/,/,/,sony
5f3ba6213fd5b671b2204dca,www.priceme.co.nz,p7800,7800,/,/,nikoncoolpixp7800,/,/,/,/,/,/,nikon
5f3ba6213fd5b671b2204dcd,www.priceme.co.nz,m2,2,/,/,canoneosm2,/,/,/,/,/,/,canon
5f3ba6213fd5b671b2204ddd,www.priceme.co.nz,p330,330,/,/,nikoncoolpixp330,/,/,/,/,/,/,nikon
5f3ba6213fd5b671b2204de8,www.priceme.co.nz,exzs10,10,/,/,casioexilimexzs10,/,/,/,/,/,/,casio
5f3ba6213fd5b671b2204ded,www.priceme.co.nz,l310,310,/,/,nikoncoolpixl310,/,/,/,/,/,/,nikon
5f3ba6213fd5b671b2204df8,www.priceme.co.nz,a490,490,/,/,canonpowershota490,/,/,/,/,/,/,canon
5f3ba6213fd5b671b2204e1b,www.priceme.co.nz,ixus150,150,/,/,canonixus150,/,/,/,/,/,/,canon
5f3ba6213fd5b671b2204e1c,www.priceme.co.nz,dmctz55,55,/,/,panasoniclumixdmctz55,/,/,/,/,/,/,panasonic
5f3ba6213fd5b671b2204e50,www.priceme.co.nz,sx240,240,/,/,canonpowershotsx240,/,/,/,/,/,/,canon
5f3ba6213fd5b671b2204e54,www.priceme.co.nz,dscwx1,1,/,/,sonycybershotdscwx1,/,/,/,/,/,/,sony
5f3ba6213fd5b671b2204e6c,www.priceme.co.nz,ixus1100,1100,/,/,canonixus1100,/,/,/,/,/,/,canon
5f3ba6213fd5b671b2204e90,www.priceme.co.nz,xp50,50,/,/,fujifilmfinepixxp50,/,/,/,/,/,/,fujifilm
5f3ba6213fd5b671b2204ea1,www.priceme.co.nz,s1500,1500,/,/,fujifilmfinepixs1500,/,/,/,/,/,/,fujifilm
5f3ba6213fd5b671b2204eaa,www.priceme.co.nz,z35,35,/,/,fujifilmfinepixz35,/,/,/,/,/,/,fujifilm
5f3ba6213fd5b671b2204f0b,www.priceme.co.nz,z2300,2300,/,/,polaroidz2300,/,/,/,/,/,/,polaroid
5f3ba6213fd5b671b2204f19,www.priceme.co.nz,s9600,9600,/,/,nikoncoolpixs9600,/,/,/,/,/,/,nikon
5f3ba6213fd5b671b2204f30,www.priceme.co.nz,dschx100v,100,/,/,sonycybershotdschx100v,/,/,/,/,/,/,sony
5f3ba6213fd5b671b2204f3d,www.priceme.co.nz,7d,7-2,/,/,canoneos7d,/,/,/,/,/,/,canon
5f3ba6213fd5b671b2204f53,www.priceme.co.nz,hs10,10,/,/,fujifilmfinepixhs10,/,/,/,/,/,/,fujifilm
5f3ba6213fd5b671b2204f7e,www.priceme.co.nz,tg820,820,/,/,olympustoughtg820,/,/,/,/,/,/,olympus
5f3ba6213fd5b671b2204f85,www.priceme.co.nz,wb35f,35,/,/,samsungwb35f,/,/,/,/,/,/,samsung
5f3ba6213fd5b671b2204cb2,www.priceme.co.nz,dp2,2,/,/,sigmadp2,/,/,/,/,/,/,sigma
5f3ba6213fd5b671b2204cb3,www.priceme.co.nz,dslra380,380,/,/,sonyalphadslra380,/,/,/,/,/,/,sony
5f3ba6213fd5b671b2204cbe,www.priceme.co.nz,s500,500,/,/,nikoncoolpixs500,/,/,/,/,/,/,nikon
5f3ba6213fd5b671b2204cd0,www.priceme.co.nz,coolpix,,/,/,nikoncoolpixa,/,/,/,/,/,/,nikon
5f3ba6213fd5b671b2204cd6,www.priceme.co.nz,st93,93,/,/,samsungst93,/,/,/,/,/,/,samsung
5f3ba6213fd5b671b2204cf5,www.priceme.co.nz,wb350f,350,/,/,samsungwb350f,/,/,/,/,/,/,samsung
5f3ba6213fd5b671b2204d0e,www.priceme.co.nz,dsctx200v,200,/,/,sonycybershotdsctx200v,/,/,/,/,/,/,sony
5f3ba6213fd5b671b2204d19,www.priceme.co.nz,f550,550,/,/,fujifilmfinepixf550,/,/,/,/,/,/,fujifilm
5f3ba6213fd5b671b2204d1e,www.priceme.co.nz,f800,800,/,/,fujifilmfinepixf800,/,/,/,/,/,/,fujifilm
5f3ba6213fd5b671b2204d3e,www.priceme.co.nz,wg2,2,/,/,pentaxoptiowg2,/,/,/,/,/,/,pentax
5f3ba6213fd5b671b2204d50,www.priceme.co.nz,f660,660,/,/,fujifilmfinepixf660,/,/,/,/,/,/,fujifilm
5f3ba6213fd5b671b2204d55,www.priceme.co.nz,j28,28,/,/,fujifilmfinepixj28,/,/,/,/,/,/,fujifilm
5f3ba6213fd5b671b2204dd6,www.priceme.co.nz,dscqx30,30,/,/,sonycybershotdscqx30,/,/,/,/,/,/,sony
5f3ba6213fd5b671b2204de5,www.priceme.co.nz,jx600,600,/,/,fujifilmfinepixjx600,/,/,/,/,/,/,fujifilm
5f3ba6213fd5b671b2204def,www.priceme.co.nz,dscwx300,300,/,/,sonycybershotdscwx300,/,/,/,/,/,/,sony
5f3ba6213fd5b671b2204df7,www.priceme.co.nz,dmcft20,20,/,/,panasoniclumixdmcft20,/,/,/,/,/,/,panasonic
5f3ba6213fd5b671b2204e01,www.priceme.co.nz,exzr1100,1100,/,/,casioexilimexzr1100,/,/,/,/,/,/,casio
5f3ba6213fd5b671b2204e06,www.priceme.co.nz,sx270,270,/,/,canonpowershotsx270,/,/,/,/,/,/,canon
5f3ba6213fd5b671b2204e16,www.priceme.co.nz,dmcsz1,1,/,/,panasoniclumixdmcsz1,/,/,/,/,/,/,panasonic
5f3ba6213fd5b671b2204e20,www.priceme.co.nz,a2300,2300,/,/,canonpowershota2300,/,/,/,/,/,/,canon
5f3ba6213fd5b671b2204e21,www.priceme.co.nz,ixus145,145,/,/,canonixus145,/,/,/,/,/,/,canon
5f3ba6213fd5b671b2204e65,www.priceme.co.nz,f750,750,/,/,fujifilmfinepixf750,/,/,/,/,/,/,fujifilm
5f3ba6213fd5b671b2204e68,www.priceme.co.nz,s2600,2600,/,/,nikoncoolpixs2600,/,/,/,/,/,/,nikon
5f3ba6213fd5b671b2204e76,www.priceme.co.nz,ixus115,115,/,/,canonixus115,/,/,/,/,/,/,canon
5f3ba6213fd5b671b2204e89,www.priceme.co.nz,dslrsd15,15,/,/,sigmadslrsd15,/,/,/,/,/,/,sigma
5f3ba6213fd5b671b2204e9e,www.priceme.co.nz,sx280,280,/,/,canonpowershotsx280,/,/,/,/,/,/,canon
5f3ba6213fd5b671b2204ecd,www.priceme.co.nz,dmcfz200,200,/,/,panasoniclumixdmcfz200,/,/,/,/,/,/,panasonic
5f3ba6213fd5b671b2204ed7,www.priceme.co.nz,jx700,700,/,/,fujifilmfinepixjx700,/,/,/,/,/,/,fujifilm
5f3ba6213fd5b671b2204eee,www.priceme.co.nz,s01,01,/,/,nikoncoolpixs01,/,/,/,/,/,/,nikon
5f3ba6213fd5b671b2204f18,www.priceme.co.nz,ac200w,200,/,/,hpac200w,/,/,/,/,/,/,hp
5f3ba6213fd5b671b2204f1f,www.priceme.co.nz,dscrx1,1,/,/,sonycybershotdscrx1,/,/,/,/,/,/,sony
5f3ba6213fd5b671b2204f4c,www.priceme.co.nz,gr,,/,/,ricohgrdigital,/,/,/,/,/,/,ricoh
5f3ba6213fd5b671b2204f75,www.priceme.co.nz,dschx1,1,/,/,sonycybershotdschx1,/,/,/,/,/,/,sony
